{
  "n_subjects": 5,
  "inter_subject_similarity": {
    "matrix": [
      [
        1.0,
        0.0424802303314209,
        0.03555182367563248,
        0.02868788130581379,
        0.022014329209923744
      ],
      [
        0.0424802303314209,
        0.9998942613601685,
        0.0190376415848732,
        0.00014042855764273554,
        0.006842629052698612
      ],
      [
        0.03555182367563248,
        0.0190376415848732,
        0.9998937845230103,
        0.005319515243172646,
        0.05495327711105347
      ],
      [
        0.02868788130581379,
        0.00014042855764273554,
        0.005319515243172646,
        0.9998937249183655,
        -0.0015990420943126082
      ],
      [
        0.022014329209923744,
        0.006842629052698612,
        0.05495327711105347,
        -0.0015990420943126082,
        0.9998869299888611
      ]
    ],
    "mean": 0.021342871397791896,
    "std": 0.01811335335590584
  },
  "reference_subject": {
    "cos": 0.7717885708808899,
    "ssim": 0.0827485888171941
  },
  "zero_shot_transfer": {
    "0": {
      "cos": 0.7717885708808899,
      "ssim": 0.0827485888171941
    },
    "1": {
      "cos": 0.7491363406181335,
      "ssim": 0.003937765009177383
    },
    "2": {
      "cos": 0.7618360924720764,
      "ssim": -0.00726791663095355
    },
    "3": {
      "cos": 0.7737376070022584,
      "ssim": 0.05722378117963672
    },
    "4": {
      "cos": 0.7715223431587219,
      "ssim": 0.005219173033256083
    }
  },
  "lora_adaptation": {
    "1": {
      "10": {
        "cos": 0.7235560375452041,
        "ssim": 0.00826245941221714,
        "n_params": 8208,
        "time_sec": 25.1
      },
      "25": {
        "cos": 0.7382554769515991,
        "ssim": 0.008212998677045107,
        "n_params": 8208,
        "time_sec": 24.8
      },
      "50": {
        "cos": 0.7308564084768295,
        "ssim": -0.06366268424317241,
        "n_params": 8208,
        "time_sec": 24.4
      },
      "100": {
        "cos": 0.7536069202423096,
        "ssim": -0.031071097343228757,
        "n_params": 8208,
        "time_sec": 24.3
      },
      "200": {
        "cos": 0.780647361278534,
        "ssim": -0.000394953191280365,
        "n_params": 8208,
        "time_sec": 22.9
      }
    },
    "2": {
      "10": {
        "cos": 0.7431565999984742,
        "ssim": 0.024889502213336526,
        "n_params": 8208,
        "time_sec": 24.7
      },
      "25": {
        "cos": 0.7376971542835236,
        "ssim": 0.010131280394271016,
        "n_params": 8208,
        "time_sec": 24.4
      },
      "50": {
        "cos": 0.7647038531303406,
        "ssim": 0.029255834869109095,
        "n_params": 8208,
        "time_sec": 21.4
      },
      "100": {
        "cos": 0.7770036351680756,
        "ssim": 0.005541374329914106,
        "n_params": 8208,
        "time_sec": 23.8
      },
      "200": {
        "cos": 0.7956671726703644,
        "ssim": 0.02935014072805643,
        "n_params": 8208,
        "time_sec": 23.6
      }
    },
    "3": {
      "10": {
        "cos": 0.7534762233495712,
        "ssim": 0.01316126633202657,
        "n_params": 8208,
        "time_sec": 23.7
      },
      "25": {
        "cos": 0.7637756979465484,
        "ssim": 0.02702756393700838,
        "n_params": 8208,
        "time_sec": 24.9
      },
      "50": {
        "cos": 0.7710100442171097,
        "ssim": 0.04122149648144841,
        "n_params": 8208,
        "time_sec": 24.2
      },
      "100": {
        "cos": 0.7879547905921936,
        "ssim": 0.05578272439539433,
        "n_params": 8208,
        "time_sec": 25.1
      },
      "200": {
        "cos": 0.7932358729839325,
        "ssim": 0.050302167198387905,
        "n_params": 8208,
        "time_sec": 23.4
      }
    },
    "4": {
      "10": {
        "cos": 0.7265045768022538,
        "ssim": 0.02138270436320454,
        "n_params": 8208,
        "time_sec": 22.0
      },
      "25": {
        "cos": 0.7367775189876556,
        "ssim": 0.03196332833031192,
        "n_params": 8208,
        "time_sec": 25.5
      },
      "50": {
        "cos": 0.746324851512909,
        "ssim": 0.03644062579376623,
        "n_params": 8208,
        "time_sec": 26.3
      },
      "100": {
        "cos": 0.7712811040878296,
        "ssim": 0.021248748991638422,
        "n_params": 8208,
        "time_sec": 20.2
      },
      "200": {
        "cos": 0.7841027069091797,
        "ssim": -0.006055338922888041,
        "n_params": 8208,
        "time_sec": 20.3
      }
    }
  },
  "full_finetuning": {
    "1": {
      "50": {
        "cos": 0.6974365741014481,
        "ssim": -0.06956864612177015,
        "n_params": 2694912
      },
      "200": {
        "cos": 0.7560975301265717,
        "ssim": -0.03612000771798193,
        "n_params": 2694912
      }
    },
    "3": {
      "50": {
        "cos": 0.7552857661247253,
        "ssim": 0.036493477202020584,
        "n_params": 2694912
      },
      "200": {
        "cos": 0.7730680376291275,
        "ssim": 0.03406655699480325,
        "n_params": 2694912
      }
    }
  },
  "summary": {
    "zero_shot_drop_cos": 0.0077,
    "zero_shot_drop_ssim": 0.068,
    "lora_200_recovery_cos_pct": 315.1,
    "lora_200_recovery_ssim_pct": 5.2,
    "lora_params": 8208
  }
}