{
  "baseline": {
    "cos_mean": 0.8679726874828338,
    "cos_std": 0.08109962523267304,
    "ssim_mean": 0.4634526477754116,
    "ssim_std": 0.21068752293733944
  },
  "roi_aware": {
    "cos_mean": 0.8575117492675781,
    "cos_std": 0.09055126590902846,
    "ssim_mean": 0.42237023435533044,
    "ssim_std": 0.21106507754053416
  },
  "roi_improvement": -0.010460938215255733,
  "ablation": {
    "V1_V2": {
      "cos_mean": 0.8790306210517883,
      "cos_std": 0.05947008682711904,
      "ssim_mean": 0.38094530833885076,
      "ssim_std": 0.19813535199998017,
      "drop_cos": -0.011057933568954459,
      "drop_ssim": 0.08250733943656086,
      "pca_cos": 0.15651552379131317,
      "n_vertices": 2400
    },
    "V4_IT": {
      "cos_mean": 0.8565358150005341,
      "cos_std": 0.07700929733939735,
      "ssim_mean": 0.3184038448613137,
      "ssim_std": 0.18829425294358096,
      "drop_cos": 0.011436872482299743,
      "drop_ssim": 0.14504880291409794,
      "pca_cos": 0.250542551279068,
      "n_vertices": 2400
    },
    "MT_dorsal": {
      "cos_mean": 0.8717845582962036,
      "cos_std": 0.07106923383421525,
      "ssim_mean": 0.35719014165923,
      "ssim_std": 0.1800875537460347,
      "drop_cos": -0.0038118708133697554,
      "drop_ssim": 0.1062625061161816,
      "pca_cos": 0.22408214211463928,
      "n_vertices": 1600
    },
    "temporal": {
      "cos_mean": 0.8657478058338165,
      "cos_std": 0.07467780487187481,
      "ssim_mean": 0.33565090166404843,
      "ssim_std": 0.2036035196932612,
      "drop_cos": 0.0022248816490173517,
      "drop_ssim": 0.1278017461113632,
      "pca_cos": 0.1686142086982727,
      "n_vertices": 3200
    },
    "parietal": {
      "cos_mean": 0.8652953696250916,
      "cos_std": 0.06382634563655402,
      "ssim_mean": 0.3299084062129259,
      "ssim_std": 0.22940499246794438,
      "drop_cos": 0.0026773178577422785,
      "drop_ssim": 0.13354424156248573,
      "pca_cos": 0.1883728802204132,
      "n_vertices": 3400
    },
    "frontal": {
      "cos_mean": 0.8503251659870148,
      "cos_std": 0.07935493921007283,
      "ssim_mean": 0.32214360003243203,
      "ssim_std": 0.19636937915977515,
      "drop_cos": 0.017647521495819052,
      "drop_ssim": 0.1413090477429796,
      "pca_cos": 0.12246669828891754,
      "n_vertices": 4600
    },
    "other": {
      "cos_mean": 0.8685000717639924,
      "cos_std": 0.06515854507710715,
      "ssim_mean": 0.3502201806381345,
      "ssim_std": 0.20012239152912506,
      "drop_cos": -0.000527384281158505,
      "drop_ssim": 0.11323246713727714,
      "pca_cos": 0.16561225056648254,
      "n_vertices": 2884
    }
  },
  "roi_info": {
    "V1_V2": {
      "total_var": 62.427520751953125,
      "between_var": 5.491233825683594,
      "discriminability": 0.08796174763214176
    },
    "V4_IT": {
      "total_var": 62.481937408447266,
      "between_var": 5.518373966217041,
      "discriminability": 0.08831950792663773
    },
    "MT_dorsal": {
      "total_var": 62.37593078613281,
      "between_var": 5.318558692932129,
      "discriminability": 0.08526620165665778
    },
    "temporal": {
      "total_var": 62.469322204589844,
      "between_var": 5.454039096832275,
      "discriminability": 0.08730747996544691
    },
    "parietal": {
      "total_var": 62.357017517089844,
      "between_var": 5.4080424308776855,
      "discriminability": 0.0867270861598782
    },
    "frontal": {
      "total_var": 62.46371078491211,
      "between_var": 5.665241718292236,
      "discriminability": 0.09069652838589691
    },
    "other": {
      "total_var": 62.30876541137695,
      "between_var": 5.487496376037598,
      "discriminability": 0.08806941270313849
    }
  },
  "category_roi_importance": {
    "V1_V2": {
      "airplane": 2.8561978340148926,
      "bird": 2.150982618331909,
      "car": 2.6021714210510254,
      "cat": 1.6688607931137085,
      "deer": 2.0582222938537598,
      "dog": 1.6211669445037842,
      "horse": 2.1345205307006836,
      "monkey": 1.9757416248321533,
      "ship": 2.6772046089172363,
      "truck": 2.142078399658203
    },
    "V4_IT": {
      "airplane": 2.841697931289673,
      "bird": 2.1321277618408203,
      "car": 2.551802635192871,
      "cat": 1.6724238395690918,
      "deer": 2.044052839279175,
      "dog": 1.6432695388793945,
      "horse": 2.152608871459961,
      "monkey": 1.9774168729782104,
      "ship": 2.740694761276245,
      "truck": 2.191267728805542
    },
    "MT_dorsal": {
      "airplane": 2.7398877143859863,
      "bird": 2.047899007797241,
      "car": 2.4683592319488525,
      "cat": 1.6513506174087524,
      "deer": 2.074519395828247,
      "dog": 1.5904444456100464,
      "horse": 2.098722457885742,
      "monkey": 2.0523221492767334,
      "ship": 2.6945948600769043,
      "truck": 2.153079032897949
    },
    "temporal": {
      "airplane": 2.8174033164978027,
      "bird": 2.0664849281311035,
      "car": 2.560742139816284,
      "cat": 1.6369410753250122,
      "deer": 2.02431058883667,
      "dog": 1.6449054479599,
      "horse": 2.132998466491699,
      "monkey": 2.0560920238494873,
      "ship": 2.707268238067627,
      "truck": 2.1751341819763184
    },
    "parietal": {
      "airplane": 2.7802963256835938,
      "bird": 1.998471975326538,
      "car": 2.6014559268951416,
      "cat": 1.6326884031295776,
      "deer": 2.0124192237854004,
      "dog": 1.628975749015808,
      "horse": 2.1414449214935303,
      "monkey": 2.105698823928833,
      "ship": 2.6703741550445557,
      "truck": 2.158970594406128
    },
    "frontal": {
      "airplane": 2.815471887588501,
      "bird": 2.1824569702148438,
      "car": 2.5805153846740723,
      "cat": 1.6380492448806763,
      "deer": 2.084989547729492,
      "dog": 1.670879602432251,
      "horse": 2.1151373386383057,
      "monkey": 2.0718958377838135,
      "ship": 2.854583740234375,
      "truck": 2.2137489318847656
    },
    "other": {
      "airplane": 2.7619855403900146,
      "bird": 2.1833837032318115,
      "car": 2.5451629161834717,
      "cat": 1.6395628452301025,
      "deer": 2.02588152885437,
      "dog": 1.6582499742507935,
      "horse": 2.1574928760528564,
      "monkey": 2.015439987182617,
      "ship": 2.6849782466888428,
      "truck": 2.2462966442108154
    }
  },
  "config": {
    "n_eval": 50,
    "n_avg": 2,
    "ode_steps": 25,
    "roi_brain_steps": 10000,
    "roi_dit_steps": 30000,
    "n_roi_pca": 64,
    "total_roi_dims": 448
  }
}