{
  "cfg_sweep": {
    "1.0": {
      "cos_mean": 0.8663684093952179,
      "cos_std": 0.08166312592483495,
      "ssim_mean": 0.4541818331182003,
      "ssim_std": 0.21581512015334117
    },
    "1.25": {
      "cos_mean": 0.8632006132602692,
      "cos_std": 0.08375413568437677,
      "ssim_mean": 0.44917731849476694,
      "ssim_std": 0.21868871995774858
    },
    "1.5": {
      "cos_mean": 0.8594754326343537,
      "cos_std": 0.08584589968090776,
      "ssim_mean": 0.44166834026575086,
      "ssim_std": 0.22080367249621577
    },
    "2.0": {
      "cos_mean": 0.8519722247123718,
      "cos_std": 0.08930163736175879,
      "ssim_mean": 0.4249027018761262,
      "ssim_std": 0.22285759087662194
    },
    "3.0": {
      "cos_mean": 0.8386670792102814,
      "cos_std": 0.0935349711015263,
      "ssim_mean": 0.39245968556962907,
      "ssim_std": 0.22216605389576702
    },
    "4.0": {
      "cos_mean": 0.8272247624397278,
      "cos_std": 0.09536649928200032,
      "ssim_mean": 0.3642406127322465,
      "ssim_std": 0.21981810188954398
    },
    "5.0": {
      "cos_mean": 0.8165277302265167,
      "cos_std": 0.09537357622816661,
      "ssim_mean": 0.3386920340359211,
      "ssim_std": 0.21668262725473075
    },
    "7.0": {
      "cos_mean": 0.7947864878177643,
      "cos_std": 0.09524158470663484,
      "ssim_mean": 0.29241761975223196,
      "ssim_std": 0.2131639083925468
    }
  },
  "step_sweep": {
    "5": {
      "cos_mean": 0.8690855431556702,
      "cos_std": 0.07997197695062784,
      "ssim_mean": 0.46101429434493185,
      "ssim_std": 0.2133821338250095,
      "time_per_sample": 0.08768316268920899,
      "total_time": 4.384158134460449
    },
    "10": {
      "cos_mean": 0.8675193095207214,
      "cos_std": 0.08093477560191735,
      "ssim_mean": 0.4571595278382301,
      "ssim_std": 0.21484201613697848,
      "time_per_sample": 0.14488856315612794,
      "total_time": 7.2444281578063965
    },
    "15": {
      "cos_mean": 0.8669073510169983,
      "cos_std": 0.08132101243492482,
      "ssim_mean": 0.4555890503525734,
      "ssim_std": 0.21537678989091694,
      "time_per_sample": 0.21435041427612306,
      "total_time": 10.717520713806152
    },
    "20": {
      "cos_mean": 0.8665761196613312,
      "cos_std": 0.08153138614934573,
      "ssim_mean": 0.45472872216254473,
      "ssim_std": 0.21564921365381703,
      "time_per_sample": 0.24178696155548096,
      "total_time": 12.089348077774048
    },
    "25": {
      "cos_mean": 0.8663684570789337,
      "cos_std": 0.08166307726342578,
      "ssim_mean": 0.4541818912699819,
      "ssim_std": 0.21581517906637346,
      "time_per_sample": 0.3231548452377319,
      "total_time": 16.157742261886597
    },
    "50": {
      "cos_mean": 0.8659280681610108,
      "cos_std": 0.08194481309032355,
      "ssim_mean": 0.4529962260276079,
      "ssim_std": 0.21616177112913879,
      "time_per_sample": 0.5591719484329224,
      "total_time": 27.958597421646118
    },
    "75": {
      "cos_mean": 0.8657709991931916,
      "cos_std": 0.08204641397514266,
      "ssim_mean": 0.45256319668143985,
      "ssim_std": 0.2162821261380183,
      "time_per_sample": 0.8512886333465576,
      "total_time": 42.56443166732788
    },
    "100": {
      "cos_mean": 0.8656895720958709,
      "cos_std": 0.08209983807275867,
      "ssim_mean": 0.45233642488718034,
      "ssim_std": 0.21634405769611179,
      "time_per_sample": 1.1217398786544799,
      "total_time": 56.086993932724
    }
  },
  "noise_sweep": {
    "0.0": {
      "cos_mean": 0.8663684606552124,
      "cos_std": 0.08166304086110447,
      "ssim_mean": 0.45418185643851755,
      "ssim_std": 0.21581507703037786,
      "diversity_mean": 0.06401690925870625,
      "diversity_std": 0.040014675432036274
    },
    "0.05": {
      "cos_mean": 0.8710198879241944,
      "cos_std": 0.07852625585296587,
      "ssim_mean": 0.4536154679954052,
      "ssim_std": 0.19919922900165604,
      "diversity_mean": 0.10653593614697457,
      "diversity_std": 0.061241242113917564
    },
    "0.1": {
      "cos_mean": 0.8567637264728546,
      "cos_std": 0.08734699953940582,
      "ssim_mean": 0.3843548432644457,
      "ssim_std": 0.2039809507063695,
      "diversity_mean": 0.12397486365267207,
      "diversity_std": 0.066453227281521
    },
    "0.2": {
      "cos_mean": 0.7136537837982178,
      "cos_std": 0.1724932065287897,
      "ssim_mean": 0.2359351221844554,
      "ssim_std": 0.18261949363525526,
      "diversity_mean": 0.2971304738894105,
      "diversity_std": 0.10724351711125758
    },
    "0.3": {
      "cos_mean": 0.5596019357442856,
      "cos_std": 0.10236686035918792,
      "ssim_mean": 0.07816689042840153,
      "ssim_std": 0.09374017168957645,
      "diversity_mean": 0.3722599985344069,
      "diversity_std": 0.0679859128089119
    },
    "0.5": {
      "cos_mean": 0.5227014178037643,
      "cos_std": 0.06788814576996802,
      "ssim_mean": 0.05554101230925881,
      "ssim_std": 0.08272277920292911,
      "diversity_mean": 0.29328916735414945,
      "diversity_std": 0.06829193469457406
    },
    "0.75": {
      "cos_mean": 0.519931154847145,
      "cos_std": 0.06489654326206082,
      "ssim_mean": 0.05370418341830373,
      "ssim_std": 0.08304486397972373,
      "diversity_mean": 0.2376401437180383,
      "diversity_std": 0.0774480310376109
    },
    "1.0": {
      "cos_mean": 0.519607270359993,
      "cos_std": 0.06439486405587662,
      "ssim_mean": 0.05393081619229633,
      "ssim_std": 0.08275595585039136,
      "diversity_mean": 0.20508090678070273,
      "diversity_std": 0.07144654918663292
    }
  },
  "category_cfg": {
    "airplane": {
      "1.0": {
        "cos_mean": 0.9564982712268829,
        "ssim_mean": 0.5796490341424942
      },
      "1.5": {
        "cos_mean": 0.9531413614749908,
        "ssim_mean": 0.5662659168243408
      },
      "2.0": {
        "cos_mean": 0.9489919602870941,
        "ssim_mean": 0.5436551928520202
      },
      "3.0": {
        "cos_mean": 0.9391846239566803,
        "ssim_mean": 0.49017685651779175
      },
      "5.0": {
        "cos_mean": 0.9006168067455291,
        "ssim_mean": 0.35914625599980354
      }
    },
    "bird": {
      "1.0": {
        "cos_mean": 0.8717267870903015,
        "ssim_mean": 0.4025508925318718
      },
      "1.5": {
        "cos_mean": 0.8650229036808014,
        "ssim_mean": 0.3982295975089073
      },
      "2.0": {
        "cos_mean": 0.857155728340149,
        "ssim_mean": 0.3845728799700737
      },
      "3.0": {
        "cos_mean": 0.8410103678703308,
        "ssim_mean": 0.3522390156984329
      },
      "5.0": {
        "cos_mean": 0.8079257845878601,
        "ssim_mean": 0.2873218521475792
      }
    },
    "car": {
      "1.0": {
        "cos_mean": 0.892523318529129,
        "ssim_mean": 0.6111820429563523
      },
      "1.5": {
        "cos_mean": 0.8824885666370392,
        "ssim_mean": 0.5963814817368984
      },
      "2.0": {
        "cos_mean": 0.8720301866531373,
        "ssim_mean": 0.5770946327596903
      },
      "3.0": {
        "cos_mean": 0.854438978433609,
        "ssim_mean": 0.5421034438535571
      },
      "5.0": {
        "cos_mean": 0.8262370586395263,
        "ssim_mean": 0.4821384817361832
      }
    },
    "cat": {
      "1.0": {
        "cos_mean": 0.8442483812570571,
        "ssim_mean": 0.29586664158850906
      },
      "1.5": {
        "cos_mean": 0.8404361248016358,
        "ssim_mean": 0.3036743336357176
      },
      "2.0": {
        "cos_mean": 0.8356898367404938,
        "ssim_mean": 0.30186192877590656
      },
      "3.0": {
        "cos_mean": 0.8276575863361358,
        "ssim_mean": 0.2913560187444091
      },
      "5.0": {
        "cos_mean": 0.8139849901199341,
        "ssim_mean": 0.25721046347171067
      }
    },
    "deer": {
      "1.0": {
        "cos_mean": 0.8875604450702668,
        "ssim_mean": 0.3769877523183823
      },
      "1.5": {
        "cos_mean": 0.8837008595466613,